latitude,longitude,year,chance_of_flood
-0.829517411166961,-120.56258274494675,2015,0.4660259671044823
-0.829517411166961,-120.56258274494675,2016,0.4836097656329177
-0.829517411166961,-120.56258274494675,2017,0.40726131802587795
-0.829517411166961,-120.56258274494675,2018,0.17538923389938735
-0.829517411166961,-120.56258274494675,2019,0.23962731347306837
-0.829517411166961,-120.56258274494675,2020,0.05165408838086871
-0.829517411166961,-120.56258274494675,2021,0.23600896422405626
-0.829517411166961,-120.56258274494675,2022,0.18787023909902484
-0.829517411166961,-120.56258274494675,2023,0.27893513429836575
-0.829517411166961,-120.56258274494675,2024,0.07589111024685449
-81.55161501026227,-165.67209951125545,2015,0.29115115166084327
-81.55161501026227,-165.67209951125545,2016,0.23066535863430757
-81.55161501026227,-165.67209951125545,2017,0.37313634423378583
-81.55161501026227,-165.67209951125545,2018,0.42719324006856313
-81.55161501026227,-165.67209951125545,2019,0.3341085236230242
-81.55161501026227,-165.67209951125545,2020,0.1597107861165353
-81.55161501026227,-165.67209951125545,2021,0.20845242520832347
-81.55161501026227,-165.67209951125545,2022,0.1764072488064333
-81.55161501026227,-165.67209951125545,2023,0.1959357420625265
-81.55161501026227,-165.67209951125545,2024,0.1267261374481384
-26.39895529512596,-172.84535209612042,2015,0.31735309773878506
-26.39895529512596,-172.84535209612042,2016,0.28598098909089864
-26.39895529512596,-172.84535209612042,2017,0.1300260651952726
-26.39895529512596,-172.84535209612042,2018,0.36408957505996953
-26.39895529512596,-172.84535209612042,2019,0.37877437098159855
-26.39895529512596,-172.84535209612042,2020,0.22945697712949412
-26.39895529512596,-172.84535209612042,2021,0.2821216477308852
-26.39895529512596,-172.84535209612042,2022,0.2760717986210655
-26.39895529512596,-172.84535209612042,2023,0.38890922554448176
-26.39895529512596,-172.84535209612042,2024,0.07509294741420985
88.3232581313658,-42.36377289128316,2015,0.017805215640600724
88.3232581313658,-42.36377289128316,2016,0.46893984435844055
88.3232581313658,-42.36377289128316,2017,0.3621390773751175
88.3232581313658,-42.36377289128316,2018,0.09113498381786542
88.3232581313658,-42.36377289128316,2019,0.43296022451749333
88.3232581313658,-42.36377289128316,2020,0.1597268772021038
88.3232581313658,-42.36377289128316,2021,0.4604455712701465
88.3232581313658,-42.36377289128316,2022,0.4677572406176006
88.3232581313658,-42.36377289128316,2023,0.15261234084201628
88.3232581313658,-42.36377289128316,2024,0.38093792958294
81.60197429407208,-17.064224287106526,2015,0.43382834683095906
81.60197429407208,-17.064224287106526,2016,0.22245686919610164
81.60197429407208,-17.064224287106526,2017,0.09777123096486637
81.60197429407208,-17.064224287106526,2018,0.24158687957528163
81.60197429407208,-17.064224287106526,2019,0.3032104251268196
81.60197429407208,-17.064224287106526,2020,0.17655993860298086
81.60197429407208,-17.064224287106526,2021,0.47765667347175195
81.60197429407208,-17.064224287106526,2022,0.49577310399756314
81.60197429407208,-17.064224287106526,2023,0.3667532837300731
81.60197429407208,-17.064224287106526,2024,0.20237298613655813
-65.70237566036195,-42.28890117988243,2015,0.43712979059230556
-65.70237566036195,-42.28890117988243,2016,0.28192763130251797
-65.70237566036195,-42.28890117988243,2017,0.591567938315402
-65.70237566036195,-42.28890117988243,2018,0.33462024251773187
-65.70237566036195,-42.28890117988243,2019,0.7888650511514677
-65.70237566036195,-42.28890117988243,2020,0.3998187658941248
-65.70237566036195,-42.28890117988243,2021,0.5785023423257021
-65.70237566036195,-42.28890117988243,2022,0.16068267425794497
-65.70237566036195,-42.28890117988243,2023,0.16575606622850453
-65.70237566036195,-42.28890117988243,2024,0.682856590541237
68.39513176366054,53.93738327836297,2015,0.26689694799053976
68.39513176366054,53.93738327836297,2016,0.44066128142476263
68.39513176366054,53.93738327836297,2017,0.4271726947212161
68.39513176366054,53.93738327836297,2018,0.2286757533318467
68.39513176366054,53.93738327836297,2019,0.2703277600363471
68.39513176366054,53.93738327836297,2020,0.0
68.39513176366054,53.93738327836297,2021,0.20221387262934204
68.39513176366054,53.93738327836297,2022,0.584554493458364
68.39513176366054,53.93738327836297,2023,0.6925647187318624
68.39513176366054,53.93738327836297,2024,0.10623071965375525
-24.335428615409015,148.86766675351151,2015,0.37624398034501616
-24.335428615409015,148.86766675351151,2016,0.16715863310851672
-24.335428615409015,148.86766675351151,2017,0.28927845204577124
-24.335428615409015,148.86766675351151,2018,0.4219100118748149
-24.335428615409015,148.86766675351151,2019,0.47874033277003913
-24.335428615409015,148.86766675351151,2020,0.41787523532231585
-24.335428615409015,148.86766675351151,2021,0.44772148553881336
-24.335428615409015,148.86766675351151,2022,0.29894506014763084
-24.335428615409015,148.86766675351151,2023,0.46311061013289523
-24.335428615409015,148.86766675351151,2024,0.42872095084195494
26.3951856593622,127.90979452420748,2015,0.3372058596356017
26.3951856593622,127.90979452420748,2016,0.21608959917218112
26.3951856593622,127.90979452420748,2017,0.3236008859232374
26.3951856593622,127.90979452420748,2018,0.41413359612338896
26.3951856593622,127.90979452420748,2019,0.4448410672768616
26.3951856593622,127.90979452420748,2020,0.1764107931409803
26.3951856593622,127.90979452420748,2021,0.5249278489504962
26.3951856593622,127.90979452420748,2022,0.5438681472603624
26.3951856593622,127.90979452420748,2023,0.41264340476074346
26.3951856593622,127.90979452420748,2024,0.33180281997777666
34.07614825285961,-97.52108894458377,2015,0.0
34.07614825285961,-97.52108894458377,2016,0.0955543829182714
34.07614825285961,-97.52108894458377,2017,0.2763475854107368
34.07614825285961,-97.52108894458377,2018,0.01194964353454786
34.07614825285961,-97.52108894458377,2019,0.1763411810058824
34.07614825285961,-97.52108894458377,2020,0.1459598823641242
34.07614825285961,-97.52108894458377,2021,0.028338492640085033
34.07614825285961,-97.52108894458377,2022,0.4083012305045222
34.07614825285961,-97.52108894458377,2023,0.32367785884898487
34.07614825285961,-97.52108894458377,2024,0.3602258935498748
32.62754857111079,-95.59306951687792,2015,0.07081617363788484
32.62754857111079,-95.59306951687792,2016,0.33571649451746427
32.62754857111079,-95.59306951687792,2017,0.3189658391967911
32.62754857111079,-95.59306951687792,2018,0.5363399668407379
32.62754857111079,-95.59306951687792,2019,0.42965975300711273
32.62754857111079,-95.59306951687792,2020,0.4361194425876023
32.62754857111079,-95.59306951687792,2021,0.5284526528804626
32.62754857111079,-95.59306951687792,2022,0.34624295775923913
32.62754857111079,-95.59306951687792,2023,0.31565302473187107
32.62754857111079,-95.59306951687792,2024,0.5885772187038913
-43.37328378004925,-74.585104438324,2015,0.5483397739090456
-43.37328378004925,-74.585104438324,2016,0.2547068917891079
-43.37328378004925,-74.585104438324,2017,0.1886864693642485
-43.37328378004925,-74.585104438324,2018,0.4797867661560774
-43.37328378004925,-74.585104438324,2019,0.2302957225405211
-43.37328378004925,-74.585104438324,2020,0.6268968281781417
-43.37328378004925,-74.585104438324,2021,0.4408726730438163
-43.37328378004925,-74.585104438324,2022,0.46117884263438247
-43.37328378004925,-74.585104438324,2023,0.4540292941839771
-43.37328378004925,-74.585104438324,2024,0.39315956082121867
73.32267438116895,-123.68125945416078,2015,0.4027387957536822
73.32267438116895,-123.68125945416078,2016,0.18837358369891938
73.32267438116895,-123.68125945416078,2017,0.10398470943958188
73.32267438116895,-123.68125945416078,2018,0.09507443504438207
73.32267438116895,-123.68125945416078,2019,0.2622964214751013
73.32267438116895,-123.68125945416078,2020,0.6830808368046455
73.32267438116895,-123.68125945416078,2021,0.1848370069427723
73.32267438116895,-123.68125945416078,2022,0.08998922880209906
73.32267438116895,-123.68125945416078,2023,0.24673213910323435
73.32267438116895,-123.68125945416078,2024,0.30938883529260475
29.60524500084304,8.447562237888178,2015,0.29610854725506786
29.60524500084304,8.447562237888178,2016,0.35270648987173586
29.60524500084304,8.447562237888178,2017,0.3822057292229144
29.60524500084304,8.447562237888178,2018,0.15125455226568846
29.60524500084304,8.447562237888178,2019,0.4683357813096412
29.60524500084304,8.447562237888178,2020,0.24839161632074977
29.60524500084304,8.447562237888178,2021,0.6702422751911135
29.60524500084304,8.447562237888178,2022,0.33476081828225623
29.60524500084304,8.447562237888178,2023,0.24516385614950323
29.60524500084304,8.447562237888178,2024,0.0942087436056458
-36.66714667002131,27.085422504841603,2015,0.320199988194929
-36.66714667002131,27.085422504841603,2016,0.12299291057617315
-36.66714667002131,27.085422504841603,2017,0.7084798505717811
-36.66714667002131,27.085422504841603,2018,0.32097844534933095
-36.66714667002131,27.085422504841603,2019,0.0019633756762856835
-36.66714667002131,27.085422504841603,2020,0.606925459806675
-36.66714667002131,27.085422504841603,2021,0.19844966602986927
-36.66714667002131,27.085422504841603,2022,0.3040983890889761
-36.66714667002131,27.085422504841603,2023,0.23011957387477844
-36.66714667002131,27.085422504841603,2024,0.26163565229471014
-53.512969750138836,-48.287314326110845,2015,0.4296064768427075
-53.512969750138836,-48.287314326110845,2016,0.304552083820556
-53.512969750138836,-48.287314326110845,2017,0.035317072164842644
-53.512969750138836,-48.287314326110845,2018,0.19098495973090823
-53.512969750138836,-48.287314326110845,2019,0.18514408679899785
-53.512969750138836,-48.287314326110845,2020,0.28650481648500375
-53.512969750138836,-48.287314326110845,2021,0.26098228410542146
-53.512969750138836,-48.287314326110845,2022,0.5292577735392558
-53.512969750138836,-48.287314326110845,2023,0.08233958021814408
-53.512969750138836,-48.287314326110845,2024,0.09419111776575947
-73.34068381992945,-54.612898820481064,2015,0.272732126783014
-73.34068381992945,-54.612898820481064,2016,0.4499688806190729
-73.34068381992945,-54.612898820481064,2017,0.058217746367747486
-73.34068381992945,-54.612898820481064,2018,0.6290271364942142
-73.34068381992945,-54.612898820481064,2019,0.533100873118549
-73.34068381992945,-54.612898820481064,2020,0.3272447971121928
-73.34068381992945,-54.612898820481064,2021,0.2546679759535699
-73.34068381992945,-54.612898820481064,2022,0.4617464241263065
-73.34068381992945,-54.612898820481064,2023,0.11380177989746215
-73.34068381992945,-54.612898820481064,2024,0.35699019086567424
29.540052575045237,-4.742921657179153,2015,0.259409091335766
29.540052575045237,-4.742921657179153,2016,0.5607246048601556
29.540052575045237,-4.742921657179153,2017,0.24169729491822387
29.540052575045237,-4.742921657179153,2018,0.7327125341715649
29.540052575045237,-4.742921657179153,2019,0.37118744596180203
29.540052575045237,-4.742921657179153,2020,0.5327785871636412
29.540052575045237,-4.742921657179153,2021,0.46426647234402735
29.540052575045237,-4.742921657179153,2022,0.44093234654989116
29.540052575045237,-4.742921657179153,2023,0.4461763795766478
29.540052575045237,-4.742921657179153,2024,0.21857560823153122
87.73498139730754,112.09216984284018,2015,0.21724410271306008
87.73498139730754,112.09216984284018,2016,0.4312810265279057
87.73498139730754,112.09216984284018,2017,0.46826573860286386
87.73498139730754,112.09216984284018,2018,0.543028051245129
87.73498139730754,112.09216984284018,2019,0.0
87.73498139730754,112.09216984284018,2020,0.049532444995558145
87.73498139730754,112.09216984284018,2021,0.5383633924607549
87.73498139730754,112.09216984284018,2022,0.225216647917601
87.73498139730754,112.09216984284018,2023,0.19959723229943346
87.73498139730754,112.09216984284018,2024,0.3973689815113651
-1.4497545812243118,27.01754998411343,2015,0.17615852098390597
-1.4497545812243118,27.01754998411343,2016,0.24708706920481016
-1.4497545812243118,27.01754998411343,2017,0.013920724552950126
-1.4497545812243118,27.01754998411343,2018,0.40474681258686246
-1.4497545812243118,27.01754998411343,2019,0.35761318633156675
-1.4497545812243118,27.01754998411343,2020,0.3413064780881469
-1.4497545812243118,27.01754998411343,2021,0.42966582400388315
-1.4497545812243118,27.01754998411343,2022,0.37578225199742077
-1.4497545812243118,27.01754998411343,2023,0.22954009227410072
-1.4497545812243118,27.01754998411343,2024,0.16920157951576908
25.7017022726521,141.30786126829918,2015,0.35374104090771485
25.7017022726521,141.30786126829918,2016,0.37285049555141736
25.7017022726521,141.30786126829918,2017,0.19051226335187796
25.7017022726521,141.30786126829918,2018,0.2890223407088543
25.7017022726521,141.30786126829918,2019,0.2796079141264182
25.7017022726521,141.30786126829918,2020,0.28102683125219274
25.7017022726521,141.30786126829918,2021,0.1321367022868966
25.7017022726521,141.30786126829918,2022,0.01037943982211309
25.7017022726521,141.30786126829918,2023,0.1362357313475427
25.7017022726521,141.30786126829918,2024,0.20700063061232998
-68.22538524495918,-21.914763729737558,2015,0.34752881278909037
-68.22538524495918,-21.914763729737558,2016,0.3717532037227537
-68.22538524495918,-21.914763729737558,2017,0.17174377474197167
-68.22538524495918,-21.914763729737558,2018,0.12918091251216104
-68.22538524495918,-21.914763729737558,2019,0.15945889047947495
-68.22538524495918,-21.914763729737558,2020,0.15072063340068959
-68.22538524495918,-21.914763729737558,2021,0.30989120200851566
-68.22538524495918,-21.914763729737558,2022,0.553494117897709
-68.22538524495918,-21.914763729737558,2023,0.3133263374717479
-68.22538524495918,-21.914763729737558,2024,0.03498069142344634
60.57738762870588,146.33712788545034,2015,0.4951447607062517
60.57738762870588,146.33712788545034,2016,0.12917710833602425
60.57738762870588,146.33712788545034,2017,0.6309413515023029
60.57738762870588,146.33712788545034,2018,0.03207906012730655
60.57738762870588,146.33712788545034,2019,0.38161993042012743
60.57738762870588,146.33712788545034,2020,0.35985724281346165
60.57738762870588,146.33712788545034,2021,0.27034280418175916
60.57738762870588,146.33712788545034,2022,0.35001805561401833
60.57738762870588,146.33712788545034,2023,0.21591157136701428
60.57738762870588,146.33712788545034,2024,0.3878188975627367
-11.309999021469693,9.87655057579218,2015,0.2492489317250971
-11.309999021469693,9.87655057579218,2016,0.40810647172048914
-11.309999021469693,9.87655057579218,2017,0.26254794670357234
-11.309999021469693,9.87655057579218,2018,0.1326370070906703
-11.309999021469693,9.87655057579218,2019,0.5984082499008532
-11.309999021469693,9.87655057579218,2020,0.24080789099922623
-11.309999021469693,9.87655057579218,2021,0.5806704545159501
-11.309999021469693,9.87655057579218,2022,0.2708450135005295
-11.309999021469693,9.87655057579218,2023,0.18754344609693285
-11.309999021469693,9.87655057579218,2024,0.18687954523758296
-43.217350283804535,126.89661591296596,2015,0.21601058867391842
-43.217350283804535,126.89661591296596,2016,0.7096739026669772
-43.217350283804535,126.89661591296596,2017,0.2553156924631616
-43.217350283804535,126.89661591296596,2018,0.3156430001931067
-43.217350283804535,126.89661591296596,2019,0.012644210228041075
-43.217350283804535,126.89661591296596,2020,0.3840687015518049
-43.217350283804535,126.89661591296596,2021,0.40112533063594025
-43.217350283804535,126.89661591296596,2022,0.42633785350717224
-43.217350283804535,126.89661591296596,2023,0.3205400162627335
-43.217350283804535,126.89661591296596,2024,0.0
-14.944469521718048,91.64085394643496,2015,0.20989371162597298
-14.944469521718048,91.64085394643496,2016,0.0040164574321932545
-14.944469521718048,91.64085394643496,2017,0.2378025034049339
-14.944469521718048,91.64085394643496,2018,0.4663130878695586
-14.944469521718048,91.64085394643496,2019,0.38686090383697275
-14.944469521718048,91.64085394643496,2020,0.3371260857053486
-14.944469521718048,91.64085394643496,2021,0.3894707004439212
-14.944469521718048,91.64085394643496,2022,0.25143210842325103
-14.944469521718048,91.64085394643496,2023,0.26222329405823047
-14.944469521718048,91.64085394643496,2024,0.5400682061349249
-23.221078822075967,-131.016974211852,2015,0.37330777901406154
-23.221078822075967,-131.016974211852,2016,0.15921099767644528
-23.221078822075967,-131.016974211852,2017,0.28424171591630937
-23.221078822075967,-131.016974211852,2018,0.1240208765561259
-23.221078822075967,-131.016974211852,2019,0.4317554541278601
-23.221078822075967,-131.016974211852,2020,0.5675260155860633
-23.221078822075967,-131.016974211852,2021,0.2398029386617593
-23.221078822075967,-131.016974211852,2022,0.31718789704232225
-23.221078822075967,-131.016974211852,2023,0.2454651567331465
-23.221078822075967,-131.016974211852,2024,0.3322629682003089
69.9091130113068,-175.56726177765384,2015,0.3481727973988713
69.9091130113068,-175.56726177765384,2016,0.135166907570598
69.9091130113068,-175.56726177765384,2017,0.20151531767476139
69.9091130113068,-175.56726177765384,2018,0.09858218350822043
69.9091130113068,-175.56726177765384,2019,0.04774166618587028
69.9091130113068,-175.56726177765384,2020,0.2567132126667464
69.9091130113068,-175.56726177765384,2021,0.5874769466973302
69.9091130113068,-175.56726177765384,2022,0.4763693862232314
69.9091130113068,-175.56726177765384,2023,0.45721275045808896
69.9091130113068,-175.56726177765384,2024,0.3379228051681269
-2.4247531639142323,20.23968688385449,2015,0.505084870539839
-2.4247531639142323,20.23968688385449,2016,0.192290432940184
-2.4247531639142323,20.23968688385449,2017,0.3497306675090376
-2.4247531639142323,20.23968688385449,2018,0.4536778350211628
-2.4247531639142323,20.23968688385449,2019,0.2908726260020478
-2.4247531639142323,20.23968688385449,2020,0.3394377693633802
-2.4247531639142323,20.23968688385449,2021,0.4788738464954281
-2.4247531639142323,20.23968688385449,2022,0.2670174758847489
-2.4247531639142323,20.23968688385449,2023,0.35365888020734315
-2.4247531639142323,20.23968688385449,2024,0.37585868744263845
25.90212041322758,-109.91860034483783,2015,0.42576163096397174
25.90212041322758,-109.91860034483783,2016,0.17345193764140457
25.90212041322758,-109.91860034483783,2017,0.23492647464719174
25.90212041322758,-109.91860034483783,2018,0.4002289844073859
25.90212041322758,-109.91860034483783,2019,0.4038327409328396
25.90212041322758,-109.91860034483783,2020,0.3066909927900086
25.90212041322758,-109.91860034483783,2021,0.17930746683946544
25.90212041322758,-109.91860034483783,2022,0.19987902566377644
25.90212041322758,-109.91860034483783,2023,0.35086346632848253
25.90212041322758,-109.91860034483783,2024,0.10149932232618727
21.512974711860807,-50.7541938143527,2015,0.22017020327289105
21.512974711860807,-50.7541938143527,2016,0.4524937937900295
21.512974711860807,-50.7541938143527,2017,0.35172866320939333
21.512974711860807,-50.7541938143527,2018,0.18381332539782297
21.512974711860807,-50.7541938143527,2019,0.571374798229535
21.512974711860807,-50.7541938143527,2020,0.22507245214308416
21.512974711860807,-50.7541938143527,2021,0.40502901667212143
21.512974711860807,-50.7541938143527,2022,0.0
21.512974711860807,-50.7541938143527,2023,0.3050351833102205
21.512974711860807,-50.7541938143527,2024,0.15334566230032587
-89.73089167136035,33.18506331458735,2015,0.5350740035666759
-89.73089167136035,33.18506331458735,2016,0.22083914223898782
-89.73089167136035,33.18506331458735,2017,0.5197398471563623
-89.73089167136035,33.18506331458735,2018,0.40421360393744454
-89.73089167136035,33.18506331458735,2019,0.5203087014500939
-89.73089167136035,33.18506331458735,2020,0.6858054710155994
-89.73089167136035,33.18506331458735,2021,0.25704541390671415
-89.73089167136035,33.18506331458735,2022,0.4820917508337458
-89.73089167136035,33.18506331458735,2023,0.33341848379434097
-89.73089167136035,33.18506331458735,2024,0.37561367531251155
-0.2887764378549633,-110.43587159146455,2015,0.4939587952893558
-0.2887764378549633,-110.43587159146455,2016,0.08067840444132932
-0.2887764378549633,-110.43587159146455,2017,0.2529634490687327
-0.2887764378549633,-110.43587159146455,2018,0.37642446235476856
-0.2887764378549633,-110.43587159146455,2019,0.25476021172005564
-0.2887764378549633,-110.43587159146455,2020,0.17114011758252598
-0.2887764378549633,-110.43587159146455,2021,0.0027049960303356935
-0.2887764378549633,-110.43587159146455,2022,0.1546932231539017
-0.2887764378549633,-110.43587159146455,2023,0.3909891659024463
-0.2887764378549633,-110.43587159146455,2024,0.37864678305799226
83.96229704636241,76.7762583043808,2015,0.24449591194835363
83.96229704636241,76.7762583043808,2016,0.4004507301460596
83.96229704636241,76.7762583043808,2017,0.40541931519644503
83.96229704636241,76.7762583043808,2018,0.4176116046424654
83.96229704636241,76.7762583043808,2019,0.4490700861254803
83.96229704636241,76.7762583043808,2020,0.37976116388570125
83.96229704636241,76.7762583043808,2021,0.41139940646640516
83.96229704636241,76.7762583043808,2022,0.1834616055669978
83.96229704636241,76.7762583043808,2023,0.35095449494615644
83.96229704636241,76.7762583043808,2024,0.37376414918339795
-69.70654031950758,94.13493407513471,2015,0.33760598843466383
-69.70654031950758,94.13493407513471,2016,0.5049246529995617
-69.70654031950758,94.13493407513471,2017,0.352778375033679
-69.70654031950758,94.13493407513471,2018,0.22647217445252937
-69.70654031950758,94.13493407513471,2019,0.4454228836534525
-69.70654031950758,94.13493407513471,2020,0.20554121649852036
-69.70654031950758,94.13493407513471,2021,0.2318993670188655
-69.70654031950758,94.13493407513471,2022,0.4572872738175602
-69.70654031950758,94.13493407513471,2023,0.611865347308912
-69.70654031950758,94.13493407513471,2024,0.2644056255837133
-50.103379975168664,-65.95288458964147,2015,0.2835699789006539
-50.103379975168664,-65.95288458964147,2016,0.6409157250487105
-50.103379975168664,-65.95288458964147,2017,0.19807006304371721
-50.103379975168664,-65.95288458964147,2018,0.39115470309337097
-50.103379975168664,-65.95288458964147,2019,0.29614065622970354
-50.103379975168664,-65.95288458964147,2020,0.21503365091427706
-50.103379975168664,-65.95288458964147,2021,0.38214310390723694
-50.103379975168664,-65.95288458964147,2022,0.14060399597892773
-50.103379975168664,-65.95288458964147,2023,0.37083600615851536
-50.103379975168664,-65.95288458964147,2024,0.5491621149236883
32.92563610249235,-67.34820338739652,2015,0.49767323481536097
32.92563610249235,-67.34820338739652,2016,0.5716411870638425
32.92563610249235,-67.34820338739652,2017,0.2677456474994277
32.92563610249235,-67.34820338739652,2018,0.17267308468179451
32.92563610249235,-67.34820338739652,2019,0.33114121539078417
32.92563610249235,-67.34820338739652,2020,0.06845208385759177
32.92563610249235,-67.34820338739652,2021,0.17110464837333828
32.92563610249235,-67.34820338739652,2022,0.637447546422571
32.92563610249235,-67.34820338739652,2023,0.48397478362115987
32.92563610249235,-67.34820338739652,2024,0.3919672981322313
-45.62110447007552,-148.1036343974893,2015,0.36526165065111077
-45.62110447007552,-148.1036343974893,2016,0.21119935025143838
-45.62110447007552,-148.1036343974893,2017,0.3412642834161874
-45.62110447007552,-148.1036343974893,2018,0.21646888249484852
-45.62110447007552,-148.1036343974893,2019,0.24808886127244287
-45.62110447007552,-148.1036343974893,2020,0.38954548948686557
-45.62110447007552,-148.1036343974893,2021,0.34106088934520185
-45.62110447007552,-148.1036343974893,2022,0.25085445775412085
-45.62110447007552,-148.1036343974893,2023,0.3668478710865773
-45.62110447007552,-148.1036343974893,2024,0.13788441148873637
-87.98293050832879,-138.19968509381698,2015,0.2724469196185315
-87.98293050832879,-138.19968509381698,2016,0.5027561086231633
-87.98293050832879,-138.19968509381698,2017,0.3863797606280739
-87.98293050832879,-138.19968509381698,2018,0.09860583376666957
-87.98293050832879,-138.19968509381698,2019,0.26254047130458097
-87.98293050832879,-138.19968509381698,2020,0.3430040436109435
-87.98293050832879,-138.19968509381698,2021,0.02171752017907108
-87.98293050832879,-138.19968509381698,2022,0.19305628644543354
-87.98293050832879,-138.19968509381698,2023,0.5532465744448485
-87.98293050832879,-138.19968509381698,2024,0.38737309780037477
-84.21355182699988,-70.06447225494168,2015,0.09531795605284668
-84.21355182699988,-70.06447225494168,2016,0.23227387197299482
-84.21355182699988,-70.06447225494168,2017,0.38641460892888135
-84.21355182699988,-70.06447225494168,2018,0.21437610059162715
-84.21355182699988,-70.06447225494168,2019,0.14495834010226957
-84.21355182699988,-70.06447225494168,2020,0.5924135157413984
-84.21355182699988,-70.06447225494168,2021,0.49566028493656633
-84.21355182699988,-70.06447225494168,2022,0.5869382696370299
-84.21355182699988,-70.06447225494168,2023,0.4283004265325974
-84.21355182699988,-70.06447225494168,2024,0.16832793410593286
38.45466026788179,-25.081573412193165,2015,0.3019217496520577
38.45466026788179,-25.081573412193165,2016,0.36656377070556706
38.45466026788179,-25.081573412193165,2017,0.45068708934191476
38.45466026788179,-25.081573412193165,2018,0.18309738047561228
38.45466026788179,-25.081573412193165,2019,0.3033222229761758
38.45466026788179,-25.081573412193165,2020,0.2511905633231146
38.45466026788179,-25.081573412193165,2021,0.38297535121792126
38.45466026788179,-25.081573412193165,2022,0.21719802401284644
38.45466026788179,-25.081573412193165,2023,0.43864234328823487
38.45466026788179,-25.081573412193165,2024,0.48598721868233646
-1.7114111108073757,-7.204911865752024,2015,0.01744466331638994
-1.7114111108073757,-7.204911865752024,2016,0.2486159610002596
-1.7114111108073757,-7.204911865752024,2017,0.638309491746482
-1.7114111108073757,-7.204911865752024,2018,0.46949609685824345
-1.7114111108073757,-7.204911865752024,2019,0.4832094923462803
-1.7114111108073757,-7.204911865752024,2020,0.28145682435876784
-1.7114111108073757,-7.204911865752024,2021,0.25046897018697695
-1.7114111108073757,-7.204911865752024,2022,0.4395807586293049
-1.7114111108073757,-7.204911865752024,2023,0.3137331387577846
-1.7114111108073757,-7.204911865752024,2024,0.28411223398863195
-72.86160428422738,-175.05245671923976,2015,0.14298098110549945
-72.86160428422738,-175.05245671923976,2016,0.45908042000492255
-72.86160428422738,-175.05245671923976,2017,0.4531239978999555
-72.86160428422738,-175.05245671923976,2018,0.3283345655795277
-72.86160428422738,-175.05245671923976,2019,0.21370610819893215
-72.86160428422738,-175.05245671923976,2020,0.49798590788752495
-72.86160428422738,-175.05245671923976,2021,0.5712566999131432
-72.86160428422738,-175.05245671923976,2022,0.11657087252964476
-72.86160428422738,-175.05245671923976,2023,0.4021154911899193
-72.86160428422738,-175.05245671923976,2024,0.3358692908996704
51.6585190794313,115.5798833206128,2015,0.19306931811772576
51.6585190794313,115.5798833206128,2016,0.2957449715960213
51.6585190794313,115.5798833206128,2017,0.20470500335493685
51.6585190794313,115.5798833206128,2018,0.2583169160818598
51.6585190794313,115.5798833206128,2019,0.31479090095079987
51.6585190794313,115.5798833206128,2020,0.16052642689602734
51.6585190794313,115.5798833206128,2021,0.1236883786678368
51.6585190794313,115.5798833206128,2022,0.6087003274126752
51.6585190794313,115.5798833206128,2023,0.3123831180621498
51.6585190794313,115.5798833206128,2024,0.3364160064166575
86.42023662542917,-31.796946938589485,2015,0.033825176769567755
86.42023662542917,-31.796946938589485,2016,0.2767238852379139
86.42023662542917,-31.796946938589485,2017,0.34935516321935095
86.42023662542917,-31.796946938589485,2018,0.5727941661340563
86.42023662542917,-31.796946938589485,2019,0.13237629406716053
86.42023662542917,-31.796946938589485,2020,0.7543539716279583
86.42023662542917,-31.796946938589485,2021,0.24363436183364734
86.42023662542917,-31.796946938589485,2022,0.2321847081391828
86.42023662542917,-31.796946938589485,2023,0.19854340431891235
86.42023662542917,-31.796946938589485,2024,0.3262314118397589
44.86047731732546,23.292755322823524,2015,0.10218535838377144
44.86047731732546,23.292755322823524,2016,0.26090233878026614
44.86047731732546,23.292755322823524,2017,0.2504269391023833
44.86047731732546,23.292755322823524,2018,0.3257325044624212
44.86047731732546,23.292755322823524,2019,0.49927584256479407
44.86047731732546,23.292755322823524,2020,0.22866460775957165
44.86047731732546,23.292755322823524,2021,0.2902858294657933
44.86047731732546,23.292755322823524,2022,0.5038797764976413
44.86047731732546,23.292755322823524,2023,0.5738021225745564
44.86047731732546,23.292755322823524,2024,0.4339292237233777
-38.72098207841188,21.99929674071285,2015,0.2718792215076299
-38.72098207841188,21.99929674071285,2016,0.2603624863308423
-38.72098207841188,21.99929674071285,2017,0.45040639741848976
-38.72098207841188,21.99929674071285,2018,0.5644450445985499
-38.72098207841188,21.99929674071285,2019,0.2430100187591166
-38.72098207841188,21.99929674071285,2020,0.4801037926521008
-38.72098207841188,21.99929674071285,2021,0.2797675984924064
-38.72098207841188,21.99929674071285,2022,0.37714825486082887
-38.72098207841188,21.99929674071285,2023,0.27682851767180167
-38.72098207841188,21.99929674071285,2024,0.2989346275240099
44.03485794912771,-149.92561000296422,2015,0.6039030963422173
44.03485794912771,-149.92561000296422,2016,0.35061517845023066
44.03485794912771,-149.92561000296422,2017,0.18780499999072073
44.03485794912771,-149.92561000296422,2018,0.49311575814929154
44.03485794912771,-149.92561000296422,2019,0.513993412385669
44.03485794912771,-149.92561000296422,2020,0.8359237730671818
44.03485794912771,-149.92561000296422,2021,0.398705215477263
44.03485794912771,-149.92561000296422,2022,0.2357688393741643
44.03485794912771,-149.92561000296422,2023,0.3238288374548064
44.03485794912771,-149.92561000296422,2024,0.5369132380147633
-36.9974986996794,34.17345872430036,2015,0.3297525470436638
-36.9974986996794,34.17345872430036,2016,0.2812470830964261
-36.9974986996794,34.17345872430036,2017,0.2459422201971751
-36.9974986996794,34.17345872430036,2018,0.29922623968311163
-36.9974986996794,34.17345872430036,2019,0.29353254948830065
-36.9974986996794,34.17345872430036,2020,0.461645842712346
-36.9974986996794,34.17345872430036,2021,0.183521868120542
-36.9974986996794,34.17345872430036,2022,0.29581585932361115
-36.9974986996794,34.17345872430036,2023,0.27164869080599596
-36.9974986996794,34.17345872430036,2024,0.5722380580282906
44.22971449772837,-117.89633292457073,2015,0.2010470026795601
44.22971449772837,-117.89633292457073,2016,0.38021590456452087
44.22971449772837,-117.89633292457073,2017,0.33892077685029043
44.22971449772837,-117.89633292457073,2018,0.3076373693215363
44.22971449772837,-117.89633292457073,2019,0.44857894429044
44.22971449772837,-117.89633292457073,2020,0.21208270822396366
44.22971449772837,-117.89633292457073,2021,0.3786703034695425
44.22971449772837,-117.89633292457073,2022,0.2723918130273513
44.22971449772837,-117.89633292457073,2023,0.4616426963204681
44.22971449772837,-117.89633292457073,2024,0.2327291140658388
-31.626170556329136,119.14884611795645,2015,0.21200646370060908
-31.626170556329136,119.14884611795645,2016,0.24152005545025573
-31.626170556329136,119.14884611795645,2017,0.39027453047555544
-31.626170556329136,119.14884611795645,2018,0.3913152396900541
-31.626170556329136,119.14884611795645,2019,0.46735215265087404
-31.626170556329136,119.14884611795645,2020,0.14525516978484249
-31.626170556329136,119.14884611795645,2021,0.31023133103088607
-31.626170556329136,119.14884611795645,2022,0.47469992856873633
-31.626170556329136,119.14884611795645,2023,0.472095399869775
-31.626170556329136,119.14884611795645,2024,0.7627898231291306
88.55743024236946,35.60130493064972,2015,0.3666461505055969
88.55743024236946,35.60130493064972,2016,0.3660863143861116
88.55743024236946,35.60130493064972,2017,0.07656746697013075
88.55743024236946,35.60130493064972,2018,0.09475834634697403
88.55743024236946,35.60130493064972,2019,0.2644547791026997
88.55743024236946,35.60130493064972,2020,0.18251044606216815
88.55743024236946,35.60130493064972,2021,0.4036868128178326
88.55743024236946,35.60130493064972,2022,0.4221385107598092
88.55743024236946,35.60130493064972,2023,0.1976803116360723
88.55743024236946,35.60130493064972,2024,0.0
-19.056498891586884,-173.07663994301853,2015,0.0
-19.056498891586884,-173.07663994301853,2016,0.2826285909294435
-19.056498891586884,-173.07663994301853,2017,0.495984658328283
-19.056498891586884,-173.07663994301853,2018,0.4425130425317007
-19.056498891586884,-173.07663994301853,2019,0.25635846614459834
-19.056498891586884,-173.07663994301853,2020,0.4989509445719604
-19.056498891586884,-173.07663994301853,2021,0.32718622006083203
-19.056498891586884,-173.07663994301853,2022,0.42874616963952167
-19.056498891586884,-173.07663994301853,2023,0.6038906054108681
-19.056498891586884,-173.07663994301853,2024,0.3375588254368846
23.958849670899156,-171.02531347045235,2015,0.4680563396683569
23.958849670899156,-171.02531347045235,2016,0.5415976621752935
23.958849670899156,-171.02531347045235,2017,0.19766305716615395
23.958849670899156,-171.02531347045235,2018,0.016896603805069743
23.958849670899156,-171.02531347045235,2019,0.0074792141105877175
23.958849670899156,-171.02531347045235,2020,0.6478542911665421
23.958849670899156,-171.02531347045235,2021,0.5287108102139302
23.958849670899156,-171.02531347045235,2022,0.15863368616477128
23.958849670899156,-171.02531347045235,2023,0.27218861398326205
23.958849670899156,-171.02531347045235,2024,0.1570014044491635
8.836473867515053,-60.72228377513392,2015,0.29519392718254084
8.836473867515053,-60.72228377513392,2016,0.20154517054660803
8.836473867515053,-60.72228377513392,2017,0.5143136953909113
8.836473867515053,-60.72228377513392,2018,0.24476186829051338
8.836473867515053,-60.72228377513392,2019,0.2149640835195647
8.836473867515053,-60.72228377513392,2020,0.4073775883784535
8.836473867515053,-60.72228377513392,2021,0.36243891012036156
8.836473867515053,-60.72228377513392,2022,0.4487357297869945
8.836473867515053,-60.72228377513392,2023,0.47240566033986126
8.836473867515053,-60.72228377513392,2024,0.3509817534508163
54.552325345488356,-93.13194748496838,2015,0.16813543782195126
54.552325345488356,-93.13194748496838,2016,0.40433727929849206
54.552325345488356,-93.13194748496838,2017,0.3950827137439953
54.552325345488356,-93.13194748496838,2018,0.2890166832220888
54.552325345488356,-93.13194748496838,2019,0.41293757337937587
54.552325345488356,-93.13194748496838,2020,0.3733848943173613
54.552325345488356,-93.13194748496838,2021,0.35037103584023893
54.552325345488356,-93.13194748496838,2022,0.26710057109414814
54.552325345488356,-93.13194748496838,2023,0.2604217920493795
54.552325345488356,-93.13194748496838,2024,0.20789431986277263
-8.457266784652631,-4.688323330623973,2015,0.24568020005777585
-8.457266784652631,-4.688323330623973,2016,0.35538166941586935
-8.457266784652631,-4.688323330623973,2017,0.28165916963149706
-8.457266784652631,-4.688323330623973,2018,0.08361585058990556
-8.457266784652631,-4.688323330623973,2019,0.49061819769123105
-8.457266784652631,-4.688323330623973,2020,0.21466505955429283
-8.457266784652631,-4.688323330623973,2021,0.2766398118162746
-8.457266784652631,-4.688323330623973,2022,0.27805271002832505
-8.457266784652631,-4.688323330623973,2023,0.0998433491712539
-8.457266784652631,-4.688323330623973,2024,0.3024121207255694
-46.15745647510758,40.57508521380353,2015,0.32089696781291865
-46.15745647510758,40.57508521380353,2016,0.1270194366814712
-46.15745647510758,40.57508521380353,2017,0.4157055942798121
-46.15745647510758,40.57508521380353,2018,0.3889694245929746
-46.15745647510758,40.57508521380353,2019,0.13193571294593878
-46.15745647510758,40.57508521380353,2020,0.408579635266322
-46.15745647510758,40.57508521380353,2021,0.32472941313568526
-46.15745647510758,40.57508521380353,2022,0.4628456255839564
-46.15745647510758,40.57508521380353,2023,0.3851012985755166
-46.15745647510758,40.57508521380353,2024,0.38107932599678296
24.67054488627585,73.35531849094136,2015,0.38739779195783697
24.67054488627585,73.35531849094136,2016,0.4618221670216245
24.67054488627585,73.35531849094136,2017,0.2833318915596692
24.67054488627585,73.35531849094136,2018,0.3563436659092433
24.67054488627585,73.35531849094136,2019,0.3801192899326237
24.67054488627585,73.35531849094136,2020,0.4959392401404888
24.67054488627585,73.35531849094136,2021,0.2504861924444084
24.67054488627585,73.35531849094136,2022,0.4248274666007281
24.67054488627585,73.35531849094136,2023,0.2870289173815991
24.67054488627585,73.35531849094136,2024,0.3320713301298455
33.361059664928206,46.65826348893674,2015,0.46854540174556647
33.361059664928206,46.65826348893674,2016,0.4140386524934406
33.361059664928206,46.65826348893674,2017,0.23420814280393865
33.361059664928206,46.65826348893674,2018,0.38729241723388497
33.361059664928206,46.65826348893674,2019,0.5976020941951607
33.361059664928206,46.65826348893674,2020,0.1699141292858387
33.361059664928206,46.65826348893674,2021,0.5969958971746964
33.361059664928206,46.65826348893674,2022,0.5088555727022462
33.361059664928206,46.65826348893674,2023,0.17066199091196382
33.361059664928206,46.65826348893674,2024,0.35932763083133806
62.465828953696814,54.96278281229499,2015,0.2618324623967283
62.465828953696814,54.96278281229499,2016,0.4755408628030171
62.465828953696814,54.96278281229499,2017,0.3557682408578481
62.465828953696814,54.96278281229499,2018,0.10062280309685903
62.465828953696814,54.96278281229499,2019,0.4381213294983134
62.465828953696814,54.96278281229499,2020,0.34104014702426955
62.465828953696814,54.96278281229499,2021,0.7377655731916549
62.465828953696814,54.96278281229499,2022,0.38276458789998724
62.465828953696814,54.96278281229499,2023,0.2389282493040249
62.465828953696814,54.96278281229499,2024,0.3936369744746785
-20.614725813209404,61.56988613132978,2015,0.21057356541199773
-20.614725813209404,61.56988613132978,2016,0.17649800752523576
-20.614725813209404,61.56988613132978,2017,0.20800516269389754
-20.614725813209404,61.56988613132978,2018,0.43476295725819164
-20.614725813209404,61.56988613132978,2019,0.4837113761863344
-20.614725813209404,61.56988613132978,2020,0.1961818240480994
-20.614725813209404,61.56988613132978,2021,0.3265022652775816
-20.614725813209404,61.56988613132978,2022,0.23655017810801438
-20.614725813209404,61.56988613132978,2023,0.3452247613147358
-20.614725813209404,61.56988613132978,2024,0.4475851125639675
39.25963959912764,176.71438420137372,2015,0.5826673392466983
39.25963959912764,176.71438420137372,2016,0.0
39.25963959912764,176.71438420137372,2017,0.23792108733490525
39.25963959912764,176.71438420137372,2018,0.1489073551853069
39.25963959912764,176.71438420137372,2019,0.17478367378174103
39.25963959912764,176.71438420137372,2020,0.23326505414074583
39.25963959912764,176.71438420137372,2021,0.13148526491355053
39.25963959912764,176.71438420137372,2022,0.212201173366588
39.25963959912764,176.71438420137372,2023,0.13806911258102253
39.25963959912764,176.71438420137372,2024,0.11008895878237593
36.302360258345374,82.88104779235545,2015,0.418965915590801
36.302360258345374,82.88104779235545,2016,0.4794624477971996
36.302360258345374,82.88104779235545,2017,0.13572213112763046
36.302360258345374,82.88104779235545,2018,0.40197746720629524
36.302360258345374,82.88104779235545,2019,0.2510362498274368
36.302360258345374,82.88104779235545,2020,0.5564358201411952
36.302360258345374,82.88104779235545,2021,0.07272563020940495
36.302360258345374,82.88104779235545,2022,0.3183679515743579
36.302360258345374,82.88104779235545,2023,0.26783922757558865
36.302360258345374,82.88104779235545,2024,0.30751313323511764
9.003341856265976,115.7698525172998,2015,0.14020476039229962
9.003341856265976,115.7698525172998,2016,0.4102303622963537
9.003341856265976,115.7698525172998,2017,0.18461112235956023
9.003341856265976,115.7698525172998,2018,0.14435771862716218
9.003341856265976,115.7698525172998,2019,0.4063333827077107
9.003341856265976,115.7698525172998,2020,0.16523773197797254
9.003341856265976,115.7698525172998,2021,0.0
9.003341856265976,115.7698525172998,2022,0.4425394234713367
9.003341856265976,115.7698525172998,2023,0.23186305284692832
9.003341856265976,115.7698525172998,2024,0.44058481869801025
52.11431377534214,131.8081183159004,2015,0.583415414285686
52.11431377534214,131.8081183159004,2016,0.20512122025892762
52.11431377534214,131.8081183159004,2017,0.4409336127254971
52.11431377534214,131.8081183159004,2018,0.17437967325034537
52.11431377534214,131.8081183159004,2019,0.2321736823199082
52.11431377534214,131.8081183159004,2020,0.4711386385069677
52.11431377534214,131.8081183159004,2021,0.2743894066852164
52.11431377534214,131.8081183159004,2022,0.331940291977279
52.11431377534214,131.8081183159004,2023,0.2925947509958534
52.11431377534214,131.8081183159004,2024,0.32120498188019675
-67.55528498813169,59.71569607913074,2015,0.3258611039141788
-67.55528498813169,59.71569607913074,2016,0.391013997589054
-67.55528498813169,59.71569607913074,2017,0.044046638748066747
-67.55528498813169,59.71569607913074,2018,0.30561636872658043
-67.55528498813169,59.71569607913074,2019,0.32815264715035175
-67.55528498813169,59.71569607913074,2020,0.4785862748799199
-67.55528498813169,59.71569607913074,2021,0.14580260334217282
-67.55528498813169,59.71569607913074,2022,0.11738085212986446
-67.55528498813169,59.71569607913074,2023,0.4160046671817454
-67.55528498813169,59.71569607913074,2024,0.48831798820737327
-44.92857761054366,151.27967256235547,2015,0.11574503606111103
-44.92857761054366,151.27967256235547,2016,0.3667836093988208
-44.92857761054366,151.27967256235547,2017,0.33698656971465385
-44.92857761054366,151.27967256235547,2018,0.15528728510559892
-44.92857761054366,151.27967256235547,2019,0.2242746640255048
-44.92857761054366,151.27967256235547,2020,0.35100789525014425
-44.92857761054366,151.27967256235547,2021,0.2871139758838612
-44.92857761054366,151.27967256235547,2022,0.20297672840064462
-44.92857761054366,151.27967256235547,2023,0.5056510870627987
-44.92857761054366,151.27967256235547,2024,0.046748512612195314
-53.693835260408314,152.13261379756716,2015,0.26647331448571476
-53.693835260408314,152.13261379756716,2016,0.49051454369856057
-53.693835260408314,152.13261379756716,2017,0.32417063585039235
-53.693835260408314,152.13261379756716,2018,0.3111701060956366
-53.693835260408314,152.13261379756716,2019,0.17135257651020933
-53.693835260408314,152.13261379756716,2020,0.12714672524403067
-53.693835260408314,152.13261379756716,2021,0.23852269205555593
-53.693835260408314,152.13261379756716,2022,0.43098548069463594
-53.693835260408314,152.13261379756716,2023,0.3702999933240678
-53.693835260408314,152.13261379756716,2024,0.1836323373702293
-32.22482432157317,0.5226222272800953,2015,0.6868461076016261
-32.22482432157317,0.5226222272800953,2016,0.10885603596318547
-32.22482432157317,0.5226222272800953,2017,0.37463886758874076
-32.22482432157317,0.5226222272800953,2018,0.44319725771355195
-32.22482432157317,0.5226222272800953,2019,0.3099113278648543
-32.22482432157317,0.5226222272800953,2020,0.233738134475327
-32.22482432157317,0.5226222272800953,2021,0.17732657620299042
-32.22482432157317,0.5226222272800953,2022,0.5278576162193124
-32.22482432157317,0.5226222272800953,2023,0.11359056642556983
-32.22482432157317,0.5226222272800953,2024,0.24156358827733648
-2.033976057171458,118.42413278180504,2015,0.41326504724828167
-2.033976057171458,118.42413278180504,2016,0.4013994819478104
-2.033976057171458,118.42413278180504,2017,0.11438170009189644
-2.033976057171458,118.42413278180504,2018,0.33344954279127403
-2.033976057171458,118.42413278180504,2019,0.28686104807334356
-2.033976057171458,118.42413278180504,2020,0.19820092529721248
-2.033976057171458,118.42413278180504,2021,0.29902438041654467
-2.033976057171458,118.42413278180504,2022,0.5602494002144979
-2.033976057171458,118.42413278180504,2023,0.4151378469310222
-2.033976057171458,118.42413278180504,2024,0.45507717969988937
-56.9837044411781,149.5699983341072,2015,0.2136085083794028
-56.9837044411781,149.5699983341072,2016,0.5388839570379192
-56.9837044411781,149.5699983341072,2017,0.4046117191536907
-56.9837044411781,149.5699983341072,2018,0.37073879875785065
-56.9837044411781,149.5699983341072,2019,0.308962567347326
-56.9837044411781,149.5699983341072,2020,0.35061452575358243
-56.9837044411781,149.5699983341072,2021,0.3131352404274877
-56.9837044411781,149.5699983341072,2022,0.28188015323797017
-56.9837044411781,149.5699983341072,2023,0.40897236819844657
-56.9837044411781,149.5699983341072,2024,0.2467320220063296
46.505984430239806,2.974932062129824,2015,0.2912383977026801
46.505984430239806,2.974932062129824,2016,0.05580688465789929
46.505984430239806,2.974932062129824,2017,0.1937006492203061
46.505984430239806,2.974932062129824,2018,0.5081037831158854
46.505984430239806,2.974932062129824,2019,0.20319103372726502
46.505984430239806,2.974932062129824,2020,0.4511725224836023
46.505984430239806,2.974932062129824,2021,0.2023228293448135
46.505984430239806,2.974932062129824,2022,0.20507757691667033
46.505984430239806,2.974932062129824,2023,0.29418123885840775
46.505984430239806,2.974932062129824,2024,0.43159424230212556
10.982591486820908,-104.46963644873993,2015,0.13638699726071435
10.982591486820908,-104.46963644873993,2016,0.5486691697490003
10.982591486820908,-104.46963644873993,2017,0.35581963086433455
10.982591486820908,-104.46963644873993,2018,0.26687432505382475
10.982591486820908,-104.46963644873993,2019,0.3404882346565912
10.982591486820908,-104.46963644873993,2020,0.5096922342411887
10.982591486820908,-104.46963644873993,2021,0.4008018808918404
10.982591486820908,-104.46963644873993,2022,0.515844448130565
10.982591486820908,-104.46963644873993,2023,0.26824149656739205
10.982591486820908,-104.46963644873993,2024,0.49959271189473387
-55.36927056566146,-141.10198665989483,2015,0.1941978181145434
-55.36927056566146,-141.10198665989483,2016,0.24652034743533807
-55.36927056566146,-141.10198665989483,2017,0.18543732806137725
-55.36927056566146,-141.10198665989483,2018,0.422491925069749
-55.36927056566146,-141.10198665989483,2019,0.41609219660560093
-55.36927056566146,-141.10198665989483,2020,0.25930512552317553
-55.36927056566146,-141.10198665989483,2021,0.37073088735449566
-55.36927056566146,-141.10198665989483,2022,0.0823574206283218
-55.36927056566146,-141.10198665989483,2023,0.51444429492621
-55.36927056566146,-141.10198665989483,2024,0.7324836482402615
-6.864992291371038,-126.24646752935516,2015,0.27709361178908204
-6.864992291371038,-126.24646752935516,2016,0.28490295765749885
-6.864992291371038,-126.24646752935516,2017,0.3732214146906718
-6.864992291371038,-126.24646752935516,2018,0.3624301530998148
-6.864992291371038,-126.24646752935516,2019,0.48138923273065826
-6.864992291371038,-126.24646752935516,2020,0.5003337769876047
-6.864992291371038,-126.24646752935516,2021,0.6934570119647405
-6.864992291371038,-126.24646752935516,2022,0.266541490666237
-6.864992291371038,-126.24646752935516,2023,0.2977237576021971
-6.864992291371038,-126.24646752935516,2024,0.4935044444314113
56.76682223812114,-63.62727190651722,2015,0.42585879504798585
56.76682223812114,-63.62727190651722,2016,0.26855921989375914
56.76682223812114,-63.62727190651722,2017,0.3171744311245434
56.76682223812114,-63.62727190651722,2018,0.17897481006351265
56.76682223812114,-63.62727190651722,2019,0.0
56.76682223812114,-63.62727190651722,2020,0.4378534173920503
56.76682223812114,-63.62727190651722,2021,0.5752519464084549
56.76682223812114,-63.62727190651722,2022,0.30555477805919123
56.76682223812114,-63.62727190651722,2023,0.2227520814227637
56.76682223812114,-63.62727190651722,2024,0.2509198331834813
-6.0489802889999424,119.32458453763502,2015,0.17264003313190568
-6.0489802889999424,119.32458453763502,2016,0.3661751413894951
-6.0489802889999424,119.32458453763502,2017,0.4839236172813987
-6.0489802889999424,119.32458453763502,2018,0.3204319074992688
-6.0489802889999424,119.32458453763502,2019,0.15567816207228144
-6.0489802889999424,119.32458453763502,2020,0.141232689300212
-6.0489802889999424,119.32458453763502,2021,0.17795622903399433
-6.0489802889999424,119.32458453763502,2022,0.2774319501943413
-6.0489802889999424,119.32458453763502,2023,0.287857209652589
-6.0489802889999424,119.32458453763502,2024,0.2948047539336999
-72.72075657461419,102.20747853947273,2015,0.008194417827536216
-72.72075657461419,102.20747853947273,2016,0.3994045479193053
-72.72075657461419,102.20747853947273,2017,0.10112973030990594
-72.72075657461419,102.20747853947273,2018,0.3250669561582992
-72.72075657461419,102.20747853947273,2019,0.5398603526950221
-72.72075657461419,102.20747853947273,2020,0.41047240413007363
-72.72075657461419,102.20747853947273,2021,0.2957802813774923
-72.72075657461419,102.20747853947273,2022,0.26378571002606416
-72.72075657461419,102.20747853947273,2023,0.16791108849008796
-72.72075657461419,102.20747853947273,2024,0.18789141837805437
-78.66389484323577,129.47081777962728,2015,0.23160056006122265
-78.66389484323577,129.47081777962728,2016,0.30528569666938904
-78.66389484323577,129.47081777962728,2017,0.2510343495513441
-78.66389484323577,129.47081777962728,2018,0.33798027508527195
-78.66389484323577,129.47081777962728,2019,0.39453878114201607
-78.66389484323577,129.47081777962728,2020,0.2633143626577273
-78.66389484323577,129.47081777962728,2021,0.33338939684926056
-78.66389484323577,129.47081777962728,2022,0.2668207887151833
-78.66389484323577,129.47081777962728,2023,0.4824697137529441
-78.66389484323577,129.47081777962728,2024,0.4024588779192073
76.1528290856912,27.313286210641422,2015,0.36138613279228693
76.1528290856912,27.313286210641422,2016,0.4146566728295442
76.1528290856912,27.313286210641422,2017,0.34464692606779174
76.1528290856912,27.313286210641422,2018,0.12917453468996268
76.1528290856912,27.313286210641422,2019,0.3849920764952498
76.1528290856912,27.313286210641422,2020,0.49017620281008856
76.1528290856912,27.313286210641422,2021,0.35864968470938596
76.1528290856912,27.313286210641422,2022,0.21090137419504862
76.1528290856912,27.313286210641422,2023,0.25421600019141377
76.1528290856912,27.313286210641422,2024,0.17727645578124326
-0.6396340285501338,-137.62449847891938,2015,0.6175256475181399
-0.6396340285501338,-137.62449847891938,2016,0.3301831784829029
-0.6396340285501338,-137.62449847891938,2017,0.1915911240200252
-0.6396340285501338,-137.62449847891938,2018,0.17678580724274195
-0.6396340285501338,-137.62449847891938,2019,0.36539108291494865
-0.6396340285501338,-137.62449847891938,2020,0.44526781252593106
-0.6396340285501338,-137.62449847891938,2021,0.3638199136642771
-0.6396340285501338,-137.62449847891938,2022,0.599952841934994
-0.6396340285501338,-137.62449847891938,2023,0.4545226178653151
-0.6396340285501338,-137.62449847891938,2024,0.28267653925534725
-34.276780645838244,130.0381674030432,2015,0.08249127552435134
-34.276780645838244,130.0381674030432,2016,0.27929619089626784
-34.276780645838244,130.0381674030432,2017,0.46747881815186976
-34.276780645838244,130.0381674030432,2018,0.48090817224266913
-34.276780645838244,130.0381674030432,2019,0.18428195549665677
-34.276780645838244,130.0381674030432,2020,0.45147784665397606
-34.276780645838244,130.0381674030432,2021,0.25688441211926594
-34.276780645838244,130.0381674030432,2022,0.31255887899106166
-34.276780645838244,130.0381674030432,2023,0.42948760370983874
-34.276780645838244,130.0381674030432,2024,0.29724048287734217
-84.83257196698783,-64.31151890393743,2015,0.5397668305157691
-84.83257196698783,-64.31151890393743,2016,0.15013589088527668
-84.83257196698783,-64.31151890393743,2017,0.3869396580031589
-84.83257196698783,-64.31151890393743,2018,0.171586587937643
-84.83257196698783,-64.31151890393743,2019,0.15463333789268252
-84.83257196698783,-64.31151890393743,2020,0.25299435476407073
-84.83257196698783,-64.31151890393743,2021,0.3073619836239097
-84.83257196698783,-64.31151890393743,2022,0.4069701032853021
-84.83257196698783,-64.31151890393743,2023,0.2483533815766804
-84.83257196698783,-64.31151890393743,2024,0.2825353893696701
-15.37928220379932,88.87432276818328,2015,0.40744031936400416
-15.37928220379932,88.87432276818328,2016,0.6556041431062367
-15.37928220379932,88.87432276818328,2017,0.32858630420305146
-15.37928220379932,88.87432276818328,2018,0.3692665810557956
-15.37928220379932,88.87432276818328,2019,0.17183071598832095
-15.37928220379932,88.87432276818328,2020,0.010629046235459072
-15.37928220379932,88.87432276818328,2021,0.37201948219030867
-15.37928220379932,88.87432276818328,2022,0.2201403517310507
-15.37928220379932,88.87432276818328,2023,0.36134821438940795
-15.37928220379932,88.87432276818328,2024,0.37777564002961334
18.506083571675177,132.34480873895,2015,0.23110690578105667
18.506083571675177,132.34480873895,2016,0.2869516300731427
18.506083571675177,132.34480873895,2017,0.17271767196282506
18.506083571675177,132.34480873895,2018,0.15276496549765758
18.506083571675177,132.34480873895,2019,0.4341449909708182
18.506083571675177,132.34480873895,2020,0.4060817029073025
18.506083571675177,132.34480873895,2021,0.33040520181428074
18.506083571675177,132.34480873895,2022,0.4999898167036254
18.506083571675177,132.34480873895,2023,0.5147776838115066
18.506083571675177,132.34480873895,2024,0.06559176998361416
46.63202215858641,-34.40692293828539,2015,0.28903754662404274
46.63202215858641,-34.40692293828539,2016,0.38205792781804443
46.63202215858641,-34.40692293828539,2017,0.0
46.63202215858641,-34.40692293828539,2018,0.589394283032801
46.63202215858641,-34.40692293828539,2019,0.2074788406252505
46.63202215858641,-34.40692293828539,2020,0.6933909880744566
46.63202215858641,-34.40692293828539,2021,0.09257476366597092
46.63202215858641,-34.40692293828539,2022,0.43563278806677663
46.63202215858641,-34.40692293828539,2023,0.2784082370913402
46.63202215858641,-34.40692293828539,2024,0.22285425343636622
-68.53910527740803,-85.48113737765566,2015,0.14849914886121224
-68.53910527740803,-85.48113737765566,2016,0.3968680138792365
-68.53910527740803,-85.48113737765566,2017,0.22257419326792924
-68.53910527740803,-85.48113737765566,2018,0.1426104534511398
-68.53910527740803,-85.48113737765566,2019,0.5042390100037789
-68.53910527740803,-85.48113737765566,2020,0.2647377133187842
-68.53910527740803,-85.48113737765566,2021,0.1913488935950014
-68.53910527740803,-85.48113737765566,2022,0.3457698655682696
-68.53910527740803,-85.48113737765566,2023,0.19796400710503612
-68.53910527740803,-85.48113737765566,2024,0.13286414402731947
81.69687763516353,-111.44711565418844,2015,0.616205269634151
81.69687763516353,-111.44711565418844,2016,0.2892444189537378
81.69687763516353,-111.44711565418844,2017,0.47977734981697884
81.69687763516353,-111.44711565418844,2018,0.30084876704207963
81.69687763516353,-111.44711565418844,2019,0.17237787226720752
81.69687763516353,-111.44711565418844,2020,0.04712693777312876
81.69687763516353,-111.44711565418844,2021,0.4410724231829895
81.69687763516353,-111.44711565418844,2022,0.5423910812692331
81.69687763516353,-111.44711565418844,2023,0.41906047713761496
81.69687763516353,-111.44711565418844,2024,0.2010538474802888
-80.28249116757553,61.80299206104303,2015,0.37269089608159967
-80.28249116757553,61.80299206104303,2016,0.23725467537062483
-80.28249116757553,61.80299206104303,2017,0.48520411917150097
-80.28249116757553,61.80299206104303,2018,0.3372239188106626
-80.28249116757553,61.80299206104303,2019,0.2167195208019736
-80.28249116757553,61.80299206104303,2020,0.08863735523578636
-80.28249116757553,61.80299206104303,2021,0.5150724216706319
-80.28249116757553,61.80299206104303,2022,0.09847064247280801
-80.28249116757553,61.80299206104303,2023,0.28271698309959614
-80.28249116757553,61.80299206104303,2024,0.35774031199081474
34.23033945566624,-161.3609274320518,2015,0.23271611550277813
34.23033945566624,-161.3609274320518,2016,0.45698435736509085
34.23033945566624,-161.3609274320518,2017,0.2565973058792468
34.23033945566624,-161.3609274320518,2018,0.4914896832737203
34.23033945566624,-161.3609274320518,2019,0.26715141517829366
34.23033945566624,-161.3609274320518,2020,0.4614357206191174
34.23033945566624,-161.3609274320518,2021,0.37350671359286597
34.23033945566624,-161.3609274320518,2022,0.13818284884442938
34.23033945566624,-161.3609274320518,2023,0.3173892884059844
34.23033945566624,-161.3609274320518,2024,0.25466888558626427
-37.29543619051705,-99.4549145192818,2015,0.4159710818420359
-37.29543619051705,-99.4549145192818,2016,0.28631531892545414
-37.29543619051705,-99.4549145192818,2017,0.3954944916192576
-37.29543619051705,-99.4549145192818,2018,0.3617053907619792
-37.29543619051705,-99.4549145192818,2019,0.4653547948181056
-37.29543619051705,-99.4549145192818,2020,0.16873994703233575
-37.29543619051705,-99.4549145192818,2021,0.3895898274055509
-37.29543619051705,-99.4549145192818,2022,0.33664292539387475
-37.29543619051705,-99.4549145192818,2023,0.24999501793454248
-37.29543619051705,-99.4549145192818,2024,0.25408185924521315
62.16709719282571,36.632375880707286,2015,0.4412809488419154
62.16709719282571,36.632375880707286,2016,0.46637676898496094
62.16709719282571,36.632375880707286,2017,0.5050937226519822
62.16709719282571,36.632375880707286,2018,0.5161115309551843
62.16709719282571,36.632375880707286,2019,0.3546370765018042
62.16709719282571,36.632375880707286,2020,0.09380695286818444
62.16709719282571,36.632375880707286,2021,0.3869996189197197
62.16709719282571,36.632375880707286,2022,0.2804920775757102
62.16709719282571,36.632375880707286,2023,0.6198147817080738
62.16709719282571,36.632375880707286,2024,0.21060388081605044
74.87615220602487,-165.76249016607477,2015,0.14990741950170258
74.87615220602487,-165.76249016607477,2016,0.07083163875391921
74.87615220602487,-165.76249016607477,2017,0.36819363788097187
74.87615220602487,-165.76249016607477,2018,0.4735025195570177
74.87615220602487,-165.76249016607477,2019,0.09379013219984159
74.87615220602487,-165.76249016607477,2020,0.37813597744553984
74.87615220602487,-165.76249016607477,2021,0.8116430690108647
74.87615220602487,-165.76249016607477,2022,0.27265568039583854
74.87615220602487,-165.76249016607477,2023,0.25354625200683234
74.87615220602487,-165.76249016607477,2024,0.5300530034559866
62.73708305913243,137.46138273718134,2015,0.0
62.73708305913243,137.46138273718134,2016,0.6124775605845392
62.73708305913243,137.46138273718134,2017,0.45539178281482706
62.73708305913243,137.46138273718134,2018,0.1544906932386278
62.73708305913243,137.46138273718134,2019,0.3018751203382288
62.73708305913243,137.46138273718134,2020,0.35103400458788664
62.73708305913243,137.46138273718134,2021,0.0
62.73708305913243,137.46138273718134,2022,0.15608266611332705
62.73708305913243,137.46138273718134,2023,0.5685245876730718
62.73708305913243,137.46138273718134,2024,0.2285614127412101
26.329928876207475,61.75743605654972,2015,0.0
26.329928876207475,61.75743605654972,2016,0.2667995476226244
26.329928876207475,61.75743605654972,2017,0.12057129450245208
26.329928876207475,61.75743605654972,2018,0.38760582005759947
26.329928876207475,61.75743605654972,2019,0.49958517046010054
26.329928876207475,61.75743605654972,2020,0.44244841894306297
26.329928876207475,61.75743605654972,2021,0.6165925870975866
26.329928876207475,61.75743605654972,2022,0.5956763122364519
26.329928876207475,61.75743605654972,2023,0.5515467042352287
26.329928876207475,61.75743605654972,2024,0.10228154138618883
-47.99585722987234,22.846259980909196,2015,0.12395027489482713
-47.99585722987234,22.846259980909196,2016,0.4285145334153623
-47.99585722987234,22.846259980909196,2017,0.1659906662841663
-47.99585722987234,22.846259980909196,2018,0.37048394920748107
-47.99585722987234,22.846259980909196,2019,0.27055512967486034
-47.99585722987234,22.846259980909196,2020,0.18978546359299056
-47.99585722987234,22.846259980909196,2021,0.27092137486606754
-47.99585722987234,22.846259980909196,2022,0.25000442635895803
-47.99585722987234,22.846259980909196,2023,0.43394825957944555
-47.99585722987234,22.846259980909196,2024,0.34229278138896446
60.28020435204414,-153.15814982015524,2015,0.44113599768966316
60.28020435204414,-153.15814982015524,2016,0.08209135815641813
60.28020435204414,-153.15814982015524,2017,0.2392715965418152
60.28020435204414,-153.15814982015524,2018,0.029433112209647283
60.28020435204414,-153.15814982015524,2019,0.5860776013256235
60.28020435204414,-153.15814982015524,2020,0.44012429371315775
60.28020435204414,-153.15814982015524,2021,0.2564921667046029
60.28020435204414,-153.15814982015524,2022,0.2531910370019575
60.28020435204414,-153.15814982015524,2023,0.4027773164228712
60.28020435204414,-153.15814982015524,2024,0.35218813409631505
14.56789107393189,-99.98158693241304,2015,0.45691281989647947
14.56789107393189,-99.98158693241304,2016,0.0502449613967102
14.56789107393189,-99.98158693241304,2017,0.5893221654342136
14.56789107393189,-99.98158693241304,2018,0.0
14.56789107393189,-99.98158693241304,2019,0.4172508616213333
14.56789107393189,-99.98158693241304,2020,0.2060329796747115
14.56789107393189,-99.98158693241304,2021,0.3839744514173911
14.56789107393189,-99.98158693241304,2022,0.21649036792323323
14.56789107393189,-99.98158693241304,2023,0.6185355574291069
14.56789107393189,-99.98158693241304,2024,0.4376116608472529
45.33346218360495,-79.50461649858089,2015,0.23223854514533698
45.33346218360495,-79.50461649858089,2016,0.5729206004422946
45.33346218360495,-79.50461649858089,2017,0.18847273368576078
45.33346218360495,-79.50461649858089,2018,0.4133702630042981
45.33346218360495,-79.50461649858089,2019,0.2922689621991493
45.33346218360495,-79.50461649858089,2020,0.2016641933739972
45.33346218360495,-79.50461649858089,2021,0.5577835492946143
45.33346218360495,-79.50461649858089,2022,0.12108351096281647
45.33346218360495,-79.50461649858089,2023,0.33969692709361216
45.33346218360495,-79.50461649858089,2024,0.06007178828677895
